Date,AAPL,MSFT,TSLA
2020-01-02,72.716064453125,153.32327270507812,28.68400001525879
2020-01-03,72.00912475585938,151.41409301757812,29.534000396728516
2020-01-06,72.5829086303711,151.8054656982422,30.1026668548584
2020-01-07,72.24153900146484,150.42137145996094,31.270666122436523
2020-01-08,73.40364074707031,152.81732177734375,32.80933380126953
2020-01-09,74.96278381347656,154.7264404296875,32.089332580566406
2020-01-10,75.13227844238281,154.01055908203125,31.876667022705078
2020-01-13,76.7374267578125,155.86241149902344,34.990665435791016
2020-01-14,75.70120239257812,154.76463317871094,35.861331939697266
2020-01-15,75.37680053710938,155.76693725585938,34.56666564941406
2020-01-16,76.32100677490234,158.62115478515625,34.232666015625
2020-01-17,77.16593170166016,159.50889587402344,34.03333282470703
2020-01-21,76.64302062988281,158.93612670898438,36.47999954223633
2020-01-22,76.91659545898438,158.17247009277344,37.97066879272461
2020-01-23,77.28700256347656,159.14614868164062,38.14666748046875
2020-01-24,77.06426239013672,157.5424346923828,37.654666900634766
2020-01-27,74.79817199707031,154.90785217285156,37.201332092285156
2020-01-28,76.91415405273438,157.94338989257812,37.793331146240234
2020-01-29,78.52416229248047,160.4062042236328,38.732666015625
2020-01-30,78.41036224365234,164.9308624267578,42.72066879272461
2020-01-31,74.93376922607422,162.49667358398438,43.371334075927734
2020-02-03,74.72795104980469,166.45819091796875,52.0
2020-02-04,77.19500732421875,171.9373779296875,59.137332916259766
2020-02-05,77.82447052001953,171.72738647460938,48.97999954223633
2020-02-06,78.73477935791016,175.28794860839844,49.930667877197266
2020-02-07,77.66456604003906,175.53616333007812,49.871334075927734
2020-02-10,78.03343200683594,180.12762451171875,51.41866683959961
2020-02-11,77.56263732910156,176.06118774414062,51.62533187866211
2020-02-12,79.40458679199219,176.3188934326172,51.15266799926758
2020-02-13,78.83914184570312,175.36436462402344,53.599998474121094
2020-02-14,78.8585433959961,176.92984008789062,53.33533477783203
2020-02-18,77.41459655761719,178.7244110107422,57.22666549682617
2020-02-19,78.53578186035156,179.26040649414062,61.16133117675781
2020-02-20,77.7301025390625,176.5229034423828,59.96066665649414
2020-02-21,75.97065734863281,170.94252014160156,60.06666564941406
2020-02-24,72.36203002929688,163.572265625,55.58599853515625
2020-02-25,69.91096496582031,160.87303161621094,53.32733154296875
2020-02-26,71.0199966430664,162.88311767578125,51.91999816894531
2020-02-27,66.3775634765625,151.40650939941406,45.266666412353516
2020-02-28,66.3387451171875,155.07252502441406,44.53266525268555
2020-03-02,72.51493072509766,165.39089965820312,49.574668884277344
2020-03-03,70.21189880371094,157.46542358398438,49.70066833496094
2020-03-04,73.46863555908203,163.246826171875,49.96666717529297
2020-03-05,71.08554077148438,159.15011596679688,48.30266571044922
2020-03-06,70.14151000976562,154.6513671875,46.89866638183594
2020-03-09,64.59387969970703,144.1702117919922,40.53333282470703
2020-03-10,69.24603271484375,154.02914428710938,43.02199935913086
2020-03-11,66.84107971191406,147.0513916015625,42.28200149536133
2020-03-12,60.24021911621094,133.1052703857422,37.369998931884766
2020-03-13,67.4574966430664,152.02867126464844,36.44133377075195
2020-03-16,58.77928161621094,129.6211395263672,29.67133331298828
2020-03-17,61.36381912231445,140.29368591308594,28.68000030517578
2020-03-18,59.86164093017578,134.3878631591797,24.08133316040039
2020-03-19,59.40297317504883,136.5989990234375,28.50933265686035
2020-03-20,55.631744384765625,131.46852111816406,28.50200080871582
2020-03-23,54.449893951416016,130.15716552734375,28.952667236328125
2020-03-24,59.912601470947266,141.98789978027344,33.66666793823242
2020-03-25,59.58256149291992,140.62867736816406,35.95000076293945
2020-03-26,62.71796798706055,149.42518615722656,35.21066665649414
2020-03-27,60.121307373046875,143.28964233398438,34.29066848754883
2020-03-30,61.8370361328125,153.3687744140625,33.47533416748047
2020-03-31,61.71084213256836,150.95669555664062,34.93333435058594
2020-04-01,58.46379852294922,145.596435546875,32.104000091552734
2020-04-02,59.439369201660156,148.611572265625,30.29800033569336
2020-04-03,58.585147857666016,147.24282836914062,32.000667572021484
2020-04-06,63.69594192504883,158.19293212890625,34.41600036621094
2020-04-07,62.958221435546875,156.4891357421875,36.36333465576172
2020-04-08,64.56961059570312,158.0589141845703,36.589332580566406
2020-04-09,65.0355453491211,158.06849670410156,38.20000076293945
2020-04-13,66.31204986572266,158.4226531982422,43.39666748046875
2020-04-14,69.66100311279297,166.261962890625,47.32600021362305
2020-04-15,69.02520751953125,164.51991271972656,48.65533447265625
2020-04-16,69.57365417480469,169.4589385986328,49.680667877197266
2020-04-17,68.629638671875,170.95211791992188,50.259334564208984
2020-04-20,67.20510864257812,167.563720703125,49.75733184814453
2020-04-21,65.12776947021484,160.63372802734375,45.781333923339844
2020-04-22,67.00367736816406,166.08966064453125,48.807334899902344
2020-04-23,66.7440185546875,164.07958984375,47.04199981689453
2020-04-24,68.6708755493164,167.07553100585938,48.34333419799805
2020-04-27,68.71941375732422,166.59698486328125,53.25
2020-04-28,67.60552215576172,162.53854370117188,51.27466583251953
2020-04-29,69.82604217529297,169.8322296142578,53.367332458496094
2020-04-30,71.29911041259766,171.53604125976562,52.12533187866211
2020-05-01,70.15123748779297,167.09469604492188,46.75466537475586
2020-05-04,71.14378356933594,171.18185424804688,50.74599838256836
2020-05-05,72.21158599853516,173.01962280273438,51.2140007019043
2020-05-06,72.95658874511719,174.723388671875,52.172000885009766
2020-05-07,73.71133422851562,175.73800659179688,52.00266647338867
2020-05-08,75.46577453613281,176.7717742919922,54.62799835205078
2020-05-11,76.65326690673828,178.74354553222656,54.08599853515625
2020-05-12,75.77725219726562,174.69467163085938,53.96066665649414
2020-05-13,74.86231231689453,172.05288696289062,52.73066711425781
2020-05-14,75.32220458984375,172.7994384765625,53.55533218383789
2020-05-15,74.87690734863281,175.31686401367188,53.27799987792969
2020-05-18,76.64110565185547,176.9918975830078,54.242000579833984
2020-05-19,76.19822692871094,175.7667236328125,53.867332458496094
2020-05-20,77.6801528930664,178.2047576904297,54.37066650390625
2020-05-21,77.10099029541016,176.0642852783203,55.17333221435547
2020-05-22,77.59739685058594,176.1410675048828,54.45866775512695
2020-05-26,77.07180786132812,174.2789764404297,54.591331481933594
2020-05-27,77.40758514404297,174.50933837890625,54.68199920654297
2020-05-28,77.44168090820312,174.11582946777344,53.72066879272461
2020-05-29,77.3662338256836,175.89154052734375,55.66666793823242
2020-06-01,78.31768798828125,175.48837280273438,59.87333297729492
2020-06-02,78.68024444580078,177.48484802246094,58.770668029785156
2020-06-03,79.1133804321289,177.91677856445312,58.86399841308594
2020-06-04,78.43204498291016,175.5747528076172,57.62533187866211
2020-06-05,80.66586303710938,179.6829071044922,59.04399871826172
2020-06-08,81.14280700683594,180.79632568359375,63.327999114990234
2020-06-09,83.70512390136719,182.1785125732422,62.711334228515625
2020-06-10,85.85865020751953,188.935791015625,68.336669921875
2020-06-11,81.73655700683594,178.79026794433594,64.85600280761719
2020-06-12,82.44221496582031,180.20120239257812,62.35200119018555
2020-06-15,83.4617919921875,181.35304260253906,66.05999755859375
2020-06-16,85.67369842529297,185.79710388183594,65.47533416748047
2020-06-17,85.55448913574219,186.44021606445312,66.11933135986328
2020-06-18,85.58857727050781,188.4366912841797,66.9306640625
2020-06-19,85.09945678710938,187.31365966796875,66.72666931152344
2020-06-22,87.32596588134766,192.5160369873047,66.28800201416016
2020-06-23,89.1899185180664,193.80221557617188,66.78533172607422
2020-06-24,87.61553955078125,189.89564514160156,64.0566635131836
2020-06-25,88.77867889404297,192.29527282714844,65.73200225830078
2020-06-26,86.0508804321289,188.44627380371094,63.982666015625
2020-06-29,88.0340805053711,190.47157287597656,67.29000091552734
2020-06-30,88.76895904541016,195.3379669189453,71.98733520507812
2020-07-01,88.60105895996094,196.48016357421875,74.64199829101562
2020-07-02,88.60105895996094,197.9774932861328,80.57733154296875
2020-07-06,90.97114562988281,202.2392120361328,91.43866729736328
2020-07-07,90.6888656616211,199.8876190185547,92.65733337402344
2020-07-08,92.80101776123047,204.28369140625,91.05867004394531
2020-07-09,93.2000961303711,205.7138671875,92.9520034790039
2020-07-10,93.36312866210938,205.08998107910156,102.97666931152344
2020-07-13,92.93242645263672,198.75503540039062,99.80400085449219
2020-07-14,94.47032928466797,199.98361206054688,101.12000274658203
2020-07-15,95.12001037597656,199.68600463867188,103.06732940673828
2020-07-16,93.94959259033203,195.7314910888672,100.04266357421875
2020-07-17,93.75977325439453,194.73324584960938,100.05599975585938
2020-07-20,95.73565673828125,203.1031036376953,109.53333282470703
2020-07-21,94.41435241699219,200.36752319335938,104.55733489990234
2020-07-22,94.67959594726562,203.2470703125,106.15533447265625
2020-07-23,90.37010192871094,194.4069061279297,100.87133026123047
2020-07-24,90.146240234375,193.2167205810547,94.46666717529297
2020-07-27,92.28272247314453,195.66433715820312,102.63999938964844
2020-07-28,90.7667465209961,193.90777587890625,98.43267059326172
2020-07-29,92.50659942626953,195.8658905029297,99.94066619873047
2020-07-30,93.62591552734375,195.7122802734375,99.16600036621094
2020-07-31,103.4275131225586,196.7777099609375,95.38400268554688
2020-08-03,106.03363800048828,207.84474182128906,99.0
2020-08-04,106.74174499511719,204.72525024414062,99.13333129882812
2020-08-05,107.12864685058594,204.38929748535156,99.00133514404297
2020-08-06,110.86628723144531,207.66236877441406,99.30533599853516
2020-08-07,108.34566497802734,203.94776916503906,96.84733581542969
2020-08-10,109.92044067382812,199.8876190185547,94.57133483886719
2020-08-11,106.65142059326172,195.2131805419922,91.6259994506836
2020-08-12,110.19589233398438,200.78985595703125,103.65066528320312
2020-08-13,112.14610290527344,200.319580078125,108.06666564941406
2020-08-14,112.0461654663086,200.51153564453125,110.04733276367188
2020-08-17,111.75363159179688,201.8361358642578,122.3759994506836
2020-08-18,112.68484497070312,202.99749755859375,125.80599975585938
2020-08-19,112.82623291015625,201.76593017578125,125.23533630371094
2020-08-20,115.3298110961914,206.46131896972656,133.45533752441406
2020-08-21,121.27304077148438,204.9603271484375,136.6653289794922
2020-08-24,122.7234878540039,205.60499572753906,134.27999877929688
2020-08-25,121.71670532226562,208.27978515625,134.8893280029297
2020-08-26,123.37193298339844,212.78273010253906,143.54466247558594
2020-08-27,121.8970947265625,218.00730895996094,149.25
2020-08-28,121.69964599609375,220.24913024902344,147.55999755859375
2020-08-31,125.82673645019531,216.99700927734375,166.10667419433594
2020-09-01,130.83872985839844,218.67120361328125,158.35000610351562
2020-09-02,128.12799072265625,222.88546752929688,149.1233367919922
2020-09-03,117.86992645263672,209.07843017578125,135.6666717529297
2020-09-04,117.94794464111328,206.14381408691406,139.44000244140625
2020-09-08,110.01065826416016,194.99232482910156,110.06999969482422
2020-09-09,114.3985824584961,203.29579162597656,122.09333038330078
2020-09-10,110.6639633178711,197.59974670410156,123.77999877929688
2020-09-11,109.21105194091797,196.31045532226562,124.23999786376953
2020-09-14,112.48739624023438,197.63827514648438,139.8733367919922
2020-09-15,112.66291046142578,200.8807830810547,149.9199981689453
2020-09-16,109.33782196044922,197.29190063476562,147.25332641601562
2020-09-17,107.5923843383789,195.23287963867188,141.14332580566406
2020-09-18,104.17955017089844,192.80819702148438,147.38333129882812
2020-09-21,107.33887481689453,194.8768310546875,149.79666137695312
2020-09-22,109.02578735351562,199.57220458984375,141.41000366210938
2020-09-23,104.45256042480469,193.0006103515625,126.78666687011719
2020-09-24,105.52519989013672,195.5022735595703,129.26333618164062
2020-09-25,109.48407745361328,199.9570770263672,135.77999877929688
2020-09-28,112.09735870361328,201.5158233642578,140.39999389648438
2020-09-29,111.24901580810547,199.4182891845703,139.69000244140625
2020-09-30,112.92619323730469,202.37213134765625,143.00332641601562
2020-10-01,113.88179016113281,204.42152404785156,149.3866729736328
2020-10-02,110.20565795898438,198.38877868652344,138.3633270263672
2020-10-05,113.59900665283203,202.4202423095703,141.89332580566406
2020-10-06,110.3421859741211,198.11935424804688,137.9933319091797
2020-10-07,112.21437072753906,201.89100646972656,141.76666259765625
2020-10-08,112.10711669921875,202.61264038085938,141.97332763671875
2020-10-09,114.05730438232422,207.64479064941406,144.6666717529297
2020-10-12,121.30227661132812,213.02328491210938,147.43333435058594
2020-10-13,118.0844497680664,214.42800903320312,148.88333129882812
2020-10-14,118.17223358154297,212.50372314453125,153.76666259765625
2020-10-15,117.70417022705078,211.34913635253906,149.6266632080078
2020-10-16,116.0562515258789,211.34913635253906,146.55667114257812
2020-10-19,113.09197998046875,206.11495971679688,143.61000061035156
2020-10-20,114.5838623046875,206.52867126464844,140.64666748046875
2020-10-21,113.95979309082031,206.67300415039062,140.8800048828125
2020-10-22,112.86767578125,206.75961303710938,141.92999267578125
2020-10-23,112.17536163330078,208.04888916015625,140.2100067138672
2020-10-26,112.18511962890625,202.13156127929688,140.0933380126953
2020-10-27,113.6965103149414,205.18165588378906,141.55999755859375
2020-10-28,108.43097686767578,195.01153564453125,135.33999633789062
2020-10-29,112.44837951660156,196.9744110107422,136.94332885742188
2020-10-30,106.14924621582031,194.8094940185547,129.34666442871094
2020-11-02,106.06148529052734,194.67477416992188,133.50332641601562
2020-11-03,107.68989562988281,198.61964416503906,141.3000030517578
2020-11-04,112.08759307861328,208.2028350830078,140.32666015625
2020-11-05,116.06602478027344,214.8417510986328,146.02999877929688
2020-11-06,115.93415832519531,215.25552368164062,143.31666564941406
2020-11-09,113.6191635131836,210.1271514892578,140.4199981689453
2020-11-10,113.27729034423828,203.0264129638672,136.7866668701172
2020-11-11,116.71559143066406,208.35678100585938,139.0433349609375
2020-11-12,116.44206237792969,207.28878784179688,137.25332641601562
2020-11-13,116.49090576171875,208.3183135986328,136.1666717529297
2020-11-16,117.50675201416016,209.0110321044922,136.02999877929688
2020-11-17,116.6178970336914,206.34588623046875,147.20333862304688
2020-11-18,115.28946685791016,203.62548828125,162.2133331298828
2020-11-19,115.88528442382812,204.91815185546875,166.42333984375
2020-11-20,114.61548614501953,202.9597930908203,163.20333862304688
2020-11-23,111.2065200805664,202.68971252441406,173.9499969482422
2020-11-24,112.49588012695312,206.30726623535156,185.1266632080078
2020-11-25,113.33589935302734,206.31689453125,191.3333282470703
2020-11-27,113.88289642333984,207.62889099121094,195.25332641601562
2020-11-30,116.2857894897461,206.5098876953125,189.1999969482422
2020-12-01,119.87055969238281,208.57432556152344,194.9199981689453
2020-12-02,120.22220611572266,207.76393127441406,189.60667419433594
2020-12-03,120.08546447753906,206.6738739013672,197.7933349609375
2020-12-04,119.41148376464844,206.78961181640625,199.67999267578125
2020-12-07,120.87666320800781,206.72207641601562,213.9199981689453
2020-12-08,121.4920425415039,208.38133239746094,216.6266632080078
2020-12-09,118.95240783691406,204.32003784179688,201.4933319091797
2020-12-10,120.37848663330078,203.085205078125,209.02333068847656
2020-12-11,119.56776428222656,205.7284393310547,203.3300018310547
2020-12-14,118.95240783691406,206.63526916503906,213.27667236328125
2020-12-15,124.9107666015625,206.5677490234375,211.0833282470703
2020-12-16,124.84236907958984,211.5358428955078,207.58999633789062
2020-12-17,125.71173095703125,211.6708984375,218.63333129882812
2020-12-18,123.71910095214844,210.87020874023438,231.6666717529297
2020-12-21,125.25262451171875,214.7289276123047,216.6199951171875
2020-12-22,128.81788635253906,216.0312957763672,213.44667053222656
2020-12-23,127.91925811767578,213.2144317626953,215.32666015625
2020-12-24,128.90582275390625,214.88330078125,220.58999633789062
2020-12-28,133.51622009277344,217.01527404785156,221.22999572753906
2020-12-29,131.73843383789062,216.23390197753906,221.99667358398438
2020-12-30,130.61514282226562,213.85108947753906,231.5933380126953
2020-12-31,129.6090850830078,214.56494140625,235.22332763671875
2021-01-04,126.40524291992188,210.00204467773438,243.2566680908203
2021-01-05,127.96806335449219,210.20457458496094,245.0366668701172
2021-01-06,123.66046905517578,204.75413513183594,251.9933319091797
2021-01-07,127.88018035888672,210.58079528808594,272.0133361816406
2021-01-08,128.98391723632812,211.8638458251953,293.3399963378906
2021-01-11,125.98522186279297,209.80908203125,270.39666748046875
2021-01-12,125.80939483642578,207.3394775390625,283.14666748046875
2021-01-13,127.85086059570312,208.69964599609375,284.8033447265625
2021-01-14,125.91683197021484,205.49691772460938,281.6666564941406
2021-01-15,124.18793487548828,205.14002990722656,275.38665771484375
2021-01-19,124.86192321777344,208.79617309570312,281.51666259765625
2021-01-20,128.96441650390625,216.4171600341797,283.48333740234375
2021-01-21,133.6920166015625,217.02493286132812,281.663330078125
2021-01-22,135.84095764160156,217.97030639648438,282.21331787109375
2021-01-25,139.6015625,221.42385864257812,293.6000061035156
2021-01-26,139.83596801757812,224.1249542236328,294.36334228515625
2021-01-27,138.7615203857422,224.67486572265625,288.0533447265625
2021-01-28,133.90692138671875,230.4918670654297,278.4766540527344
2021-01-29,128.89605712890625,223.76806640625,264.510009765625
2021-02-01,131.025390625,231.18649291992188,279.9366760253906
2021-02-02,131.85569763183594,231.05140686035156,290.92999267578125
2021-02-03,130.830078125,234.41818237304688,284.89666748046875
2021-02-04,134.19993591308594,233.46310424804688,283.3299865722656
2021-02-05,133.7841796875,233.6464080810547,284.07666015625
2021-02-08,133.9309539794922,233.90687561035156,287.8066711425781
2021-02-09,133.05050659179688,235.1609649658203,283.1533203125
2021-02-10,132.44398498535156,234.24453735351562,268.2733459472656
2021-02-11,132.18966674804688,235.85556030273438,270.5533447265625
2021-02-12,132.42446899414062,236.337890625,272.0400085449219
2021-02-16,130.29188537597656,235.0934600830078,265.40667724609375
2021-02-17,127.99298095703125,236.1183624267578,266.04998779296875
2021-02-18,126.88761901855469,235.7218780517578,262.4599914550781
2021-02-19,127.04409790039062,232.99526977539062,260.4333190917969
2021-02-22,123.2583236694336,226.74903869628906,238.1666717529297
2021-02-23,123.1213607788086,225.55006408691406,232.94667053222656
2021-02-24,122.62247467041016,226.78773498535156,247.33999633789062
2021-02-25,118.35733795166016,221.4117431640625,227.4066619873047
2021-02-26,118.62147521972656,224.68951416015625,225.1666717529297
2021-03-01,125.00936889648438,229.09864807128906,239.47666931152344
2021-03-02,122.39747619628906,226.13023376464844,228.81333923339844
2021-03-03,119.40403747558594,220.02906799316406,217.73333740234375
2021-03-04,117.51604461669922,219.22647094726562,207.14666748046875
2021-03-05,118.77796936035156,223.93536376953125,199.31666564941406
2021-03-08,113.82809448242188,219.86468505859375,187.6666717529297
2021-03-09,118.45515441894531,226.0431671142578,224.52667236328125
2021-03-10,117.36930847167969,224.7282257080078,222.68666076660156
2021-03-11,119.30622863769531,229.28233337402344,233.1999969482422
2021-03-12,118.39646911621094,227.947998046875,231.2433319091797
2021-03-15,121.29206085205078,227.03907775878906,235.97999572753906
2021-03-16,122.83767700195312,229.84312438964844,225.6266632080078
2021-03-17,122.04529571533203,229.19532775878906,233.93666076660156
2021-03-18,117.90735626220703,223.08447265625,217.72000122070312
2021-03-19,117.37909698486328,222.7267303466797,218.2899932861328
2021-03-22,120.70512390136719,228.1800537109375,223.3333282470703
2021-03-23,119.87360382080078,229.71743774414062,220.72000122070312
2021-03-24,117.4769058227539,227.66758728027344,210.08999633789062
2021-03-25,117.96604919433594,224.65084838867188,213.4633331298828
2021-03-26,118.57254791259766,228.6538543701172,206.23666381835938
2021-03-29,118.74862670898438,227.45486450195312,203.76333618164062
2021-03-30,117.29106140136719,224.1770782470703,211.8733367919922
2021-03-31,119.49210357666016,227.96730041503906,222.64332580566406
2021-04-01,120.32360076904297,234.32957458496094,220.5833282470703
2021-04-05,123.16048431396484,240.8271942138672,230.35000610351562
2021-04-06,123.4637451171875,239.65721130371094,230.5399932861328
2021-04-07,125.11698150634766,241.6297149658203,223.6566619873047
2021-04-08,127.5234603881836,244.8688507080078,227.93333435058594
2021-04-09,130.1060028076172,247.3828125,225.67333984375
2021-04-12,128.3843231201172,247.44082641601562,233.9933319091797
2021-04-13,131.50485229492188,249.93540954589844,254.10667419433594
2021-04-14,129.15713500976562,247.1314239501953,244.07666015625
2021-04-15,131.57334899902344,250.91200256347656,246.28334045410156
2021-04-16,131.24078369140625,252.11099243164062,246.5933380126953
2021-04-19,131.9059600830078,250.17713928222656,238.2100067138672
2021-04-20,130.213623046875,249.7130584716797,239.663330078125
2021-04-21,130.59510803222656,251.95626831054688,248.0399932861328
2021-04-22,129.06906127929688,248.65914916992188,239.89666748046875
2021-04-23,131.39732360839844,252.5074005126953,243.13333129882812
2021-04-26,131.78860473632812,252.8942108154297,246.06666564941406
2021-04-27,131.46572875976562,253.30026245117188,234.913330078125
2021-04-28,130.6734161376953,246.13551330566406,231.46665954589844
2021-04-29,130.57554626464844,244.15335083007812,225.6666717529297
2021-04-30,128.59950256347656,243.8342742919922,236.47999572753906
2021-05-03,129.656005859375,243.5248260498047,228.3000030517578
2021-05-04,125.06806182861328,239.58956909179688,224.53334045410156
2021-05-05,125.3126220703125,238.313232421875,223.64666748046875
2021-05-06,126.91693878173828,241.46531677246094,221.17999267578125
2021-05-07,127.59308624267578,244.10499572753906,224.1233367919922
2021-05-10,124.30059051513672,238.99972534179688,209.67999267578125
2021-05-11,123.37950134277344,238.08116149902344,205.73333740234375
2021-05-12,120.30258178710938,231.09043884277344,196.6300048828125
2021-05-13,122.45838165283203,234.987060546875,190.56333923339844
2021-05-14,124.88855743408203,239.93763732910156,196.5800018310547
2021-05-17,123.73225402832031,237.06591796875,192.27667236328125
2021-05-18,122.34078979492188,235.035400390625,192.6233367919922
2021-05-19,122.18401336669922,235.6168975830078,187.82000732421875
2021-05-20,124.75135040283203,238.8732147216797,195.5933380126953
2021-05-21,122.90914154052734,237.60365295410156,193.6266632080078
2021-05-24,124.54557800292969,243.04049682617188,202.14666748046875
2021-05-25,124.34959411621094,243.9514923095703,201.56333923339844
2021-05-26,124.30059051513672,243.72860717773438,206.3766632080078
2021-05-27,122.76216888427734,241.6158447265625,210.28334045410156
2021-05-28,122.1056137084961,241.9744415283203,208.4066619873047
2021-06-01,121.78225708007812,239.7648162841797,207.96665954589844
2021-06-02,122.54657745361328,239.66790771484375,201.7066650390625
2021-06-03,121.05712127685547,238.12698364257812,190.94667053222656
2021-06-04,123.35990142822266,243.05018615722656,199.68333435058594
2021-06-07,123.36968231201172,245.97703552246094,201.7100067138672
2021-06-08,124.19282531738281,244.7752685546875,201.19667053222656
2021-06-09,124.57496643066406,245.7637939453125,199.5933380126953
2021-06-10,123.57546997070312,249.3011474609375,203.3733367919922
2021-06-11,124.79054260253906,249.93112182617188,203.29666137695312
2021-06-14,127.85768127441406,251.869384765625,205.89666748046875
2021-06-15,127.03453063964844,250.38656616210938,199.7866668701172
2021-06-16,127.53429412841797,249.4368438720703,201.6233367919922
2021-06-17,129.1412811279297,252.84814453125,205.53334045410156
2021-06-18,127.83805084228516,251.42355346679688,207.77000427246094
2021-06-21,129.64108276367188,254.5248260498047,206.94332885742188
2021-06-22,131.2872772216797,257.31591796875,207.90333557128906
2021-06-23,131.01292419433594,257.08331298828125,218.85667419433594
2021-06-24,130.72877502441406,258.45947265625,226.60667419433594
2021-06-25,130.43479919433594,256.8410339355469,223.9566650390625
2021-06-28,132.0712432861328,260.4269104003906,229.57333374023438
2021-06-29,133.59007263183594,263.02410888671875,226.9199981689453
2021-06-30,134.2074432373047,262.53955078125,226.56666564941406
2021-07-01,134.5111846923828,263.21795654296875,225.97332763671875
2021-07-02,137.14710998535156,269.08123779296875,226.3000030517578
2021-07-06,139.1657257080078,269.0909729003906,219.86000061035156
2021-07-07,141.6644744873047,271.2908630371094,214.88333129882812
2021-07-08,140.36117553710938,268.8583679199219,217.60333251953125
2021-07-09,142.193603515625,269.3622741699219,218.98333740234375
2021-07-12,141.59588623046875,268.761474609375,228.56666564941406
2021-07-13,142.71295166015625,272.3084411621094,222.84666442871094
2021-07-14,146.15240478515625,273.7912902832031,217.7933349609375
2021-07-15,145.49588012695312,272.3569030761719,216.86666870117188
2021-07-16,143.44786071777344,272.0855407714844,214.74000549316406
2021-07-19,139.5871124267578,268.46099853515625,215.4066619873047
2021-07-20,143.2126922607422,270.6996765136719,220.1666717529297
2021-07-21,142.47776794433594,272.71551513671875,218.42999267578125
2021-07-22,143.84962463378906,277.30926513671875,216.4199981689453
2021-07-23,145.57424926757812,280.7303161621094,214.4600067138672
2021-07-26,145.9956512451172,280.12939453125,219.2066650390625
2021-07-27,143.82028198242188,277.6969299316406,214.92666625976562
2021-07-28,142.06622314453125,277.3866882324219,215.66000366210938
2021-07-29,142.71295166015625,277.6580810546875,225.78334045410156
2021-07-30,142.92857360839844,276.1171875,229.06666564941406
2021-08-02,142.59535217285156,276.0299377441406,236.55667114257812
2021-08-03,144.39840698242188,278.259033203125,236.5800018310547
2021-08-04,143.99664306640625,277.6678771972656,236.97332763671875
2021-08-05,144.1044158935547,280.5848693847656,238.2100067138672
2021-08-06,143.41748046875,280.5267639160156,233.03334045410156
2021-08-09,143.36837768554688,279.431640625,237.9199981689453
2021-08-10,142.8875274658203,277.5999755859375,236.663330078125
2021-08-11,143.1427001953125,278.0942077636719,235.94000244140625
2021-08-12,146.11622619628906,280.8659973144531,240.75
2021-08-13,146.32232666015625,283.8121337890625,239.05667114257812
2021-08-16,148.30470275878906,285.5081481933594,228.72332763671875
2021-08-17,147.39202880859375,284.0350646972656,221.90333557128906
2021-08-18,143.63336181640625,282.2969665527344,229.663330078125
2021-08-19,143.967041015625,288.1617736816406,224.49000549316406
2021-08-20,145.4292449951172,295.5316162109375,226.75332641601562
2021-08-23,146.92098999023438,295.81317138671875,235.43333435058594
2021-08-24,146.8326416015625,293.84210205078125,236.163330078125
2021-08-25,145.59613037109375,293.249755859375,237.06666564941406
2021-08-26,144.7913818359375,290.41448974609375,233.72000122070312
2021-08-27,145.83163452148438,291.0262145996094,237.30667114257812
2021-08-30,150.2674560546875,294.7839050292969,243.6366729736328
2021-08-31,149.00148010253906,293.1235656738281,245.24000549316406
2021-09-01,149.66879272460938,293.0749816894531,244.69667053222656
2021-09-02,150.78756713867188,292.4147644042969,244.1300048828125
2021-09-03,151.4254608154297,292.405029296875,244.52333068847656
2021-09-07,153.77098083496094,291.4728698730469,250.97332763671875
2021-09-08,152.22036743164062,291.50201416015625,251.2899932861328
2021-09-09,151.1997528076172,288.62786865234375,251.6199951171875
2021-09-10,146.1947479248047,287.132568359375,245.42333984375
2021-09-13,146.76394653320312,288.3753967285156,247.6666717529297
2021-09-14,145.36058044433594,291.09417724609375,248.163330078125
2021-09-15,146.25360107421875,295.978271484375,251.94332885742188
2021-09-16,146.01806640625,296.36663818359375,252.3300018310547
2021-09-17,143.33895874023438,291.1718444824219,253.163330078125
2021-09-20,140.27708435058594,285.7634582519531,243.38999938964844
2021-09-21,140.7579345703125,286.2488708496094,246.4600067138672
2021-09-22,143.1328582763672,289.9192810058594,250.64666748046875
2021-09-23,144.09461975097656,290.870849609375,251.2133331298828
2021-09-24,144.1829376220703,290.6669921875,258.1300048828125
2021-09-27,142.6618194580078,285.6372375488281,263.78668212890625
2021-09-28,139.26629638671875,275.29608154296875,259.1866760253906
2021-09-29,140.1691131591797,275.7621765136719,260.4366760253906
2021-09-30,138.86390686035156,273.7425537109375,258.49334716796875
2021-10-01,139.99246215820312,280.71429443359375,258.40667724609375
2021-10-04,136.54788208007812,274.89794921875,260.510009765625
2021-10-05,138.48117065429688,280.38409423828125,260.1966552734375
2021-10-06,139.35459899902344,284.6078796386719,260.9166564941406
2021-10-07,140.62054443359375,286.2974548339844,264.53668212890625
2021-10-08,140.23779296875,286.2974548339844,261.8299865722656
2021-10-11,140.14952087402344,285.6954650878906,263.9800109863281
2021-10-12,138.8737030029297,284.38458251953125,268.5733337402344
2021-10-13,138.284912109375,287.71514892578125,270.3599853515625
2021-10-14,141.08181762695312,293.9682922363281,272.7733459472656
2021-10-15,142.14169311523438,295.385986328125,281.010009765625
2021-10-18,143.81983947753906,298.3765869140625,290.03668212890625
2021-10-19,145.98866271972656,299.2893371582031,288.0899963378906
2021-10-20,146.4793701171875,298.4931640625,288.6000061035156
2021-10-21,146.6952362060547,301.7459716796875,298.0
2021-10-22,145.9199676513672,300.19244384765625,303.2266540527344
2021-10-25,145.8708953857422,299.1922607421875,341.6199951171875
2021-10-26,146.5382080078125,301.1148376464844,339.4766540527344
2021-10-27,146.07699584960938,313.7960510253906,345.9533386230469
2021-10-28,149.7277069091797,314.9417724609375,359.0133361816406
2021-10-29,147.00927734375,322.00091552734375,371.3333435058594
2021-11-01,146.18495178222656,319.816162109375,402.86334228515625
2021-11-02,147.22518920898438,323.4671630859375,390.6666564941406
2021-11-03,148.6678009033203,324.3118896484375,404.6199951171875
2021-11-04,148.147705078125,326.68109130859375,409.9700012207031
2021-11-05,148.67840576171875,326.3121643066406,407.36334228515625
2021-11-08,147.85284423828125,327.2151184082031,387.64666748046875
2021-11-09,148.21649169921875,326.2053527832031,341.1666564941406
2021-11-10,145.37620544433594,321.2047119140625,355.98333740234375
2021-11-11,145.32699584960938,322.78741455078125,354.5033264160156
2021-11-12,147.41058349609375,326.9529724121094,344.47332763671875
2021-11-15,147.42037963867188,326.3218078613281,337.7966613769531
2021-11-16,148.40321350097656,329.66204833984375,351.57666015625
2021-11-17,150.85037231445312,329.88580322265625,363.0033264160156
2021-11-18,155.15505981445312,331.9772644042969,365.4599914550781
2021-11-19,157.7889862060547,333.76708984375,379.0199890136719
2021-11-22,158.25088500976562,330.576416015625,385.6233215332031
2021-11-23,158.6342010498047,328.48492431640625,369.6766662597656
2021-11-24,159.15505981445312,328.7087707519531,372.0
2021-11-26,154.11328125,320.7028503417969,360.6400146484375
2021-11-29,157.4842987060547,327.463623046875,378.9966735839844
2021-11-30,162.45730590820312,321.5880432128906,381.586669921875
2021-12-01,161.9364013671875,321.09197998046875,365.0
2021-12-02,160.94374084472656,320.5179748535156,361.5333251953125
2021-12-03,159.05679321289062,314.2144775390625,338.3233337402344
2021-12-06,162.47694396972656,317.30780029296875,336.336669921875
2021-12-07,168.23614501953125,325.8001708984375,350.5833435058594
2021-12-08,172.06912231445312,325.8487548828125,356.32000732421875
2021-12-09,171.5580291748047,324.0296936035156,334.6000061035156
2021-12-10,176.3639373779297,333.212646484375,339.010009765625
2021-12-13,172.71774291992188,330.1581115722656,322.13665771484375
2021-12-14,171.3319854736328,319.39935302734375,319.5033264160156
2021-12-15,176.21652221679688,325.5374755859375,325.3299865722656
2021-12-16,169.29759216308594,316.0530090332031,308.97332763671875
2021-12-17,168.1968536376953,314.98291015625,310.8566589355469
2021-12-20,166.83074951171875,311.1988525390625,299.9800109863281
2021-12-21,170.0150604248047,318.3779296875,312.84332275390625
2021-12-22,172.61947631835938,324.1270446777344,336.2900085449219
2021-12-23,173.24844360351562,325.57635498046875,355.6666564941406
2021-12-27,177.22879028320312,333.1251220703125,364.64666748046875
2021-12-28,176.2067108154297,331.957763671875,362.8233337402344
2021-12-29,176.295166015625,332.6387939453125,362.0633239746094
2021-12-30,175.1354522705078,330.08038330078125,356.7799987792969
2021-12-31,174.51625061035156,327.162109375,352.260009765625
2022-01-03,178.87991333007812,325.634765625,399.9266662597656
2022-01-04,176.60963439941406,320.05108642578125,383.1966552734375
2022-01-05,171.911865234375,307.7649230957031,362.7066650390625
2022-01-06,169.0420684814453,305.3330383300781,354.8999938964844
2022-01-07,169.2091522216797,305.4886779785156,342.32000732421875
2022-01-10,169.2288055419922,305.71240234375,352.7066650390625
2022-01-11,172.06912231445312,306.4030456542969,354.79998779296875
2022-01-12,172.51138305664062,309.603515625,368.739990234375
2022-01-13,169.2288055419922,296.500244140625,343.85333251953125
2022-01-14,170.09368896484375,301.7532958984375,349.8699951171875
2022-01-18,166.87989807128906,294.40887451171875,343.5033264160156
2022-01-19,163.3712615966797,295.07037353515625,331.8833312988281
2022-01-20,161.68084716796875,293.3874206542969,332.0899963378906
2022-01-21,159.6170196533203,287.9690856933594,314.6333312988281
2022-01-24,158.84056091308594,288.29986572265625,310.0
2022-01-25,157.03221130371094,280.6344299316406,306.1333312988281
2022-01-26,156.94375610351562,288.630615234375,312.4700012207031
2022-01-27,156.48182678222656,291.6753234863281,276.3666687011719
2022-01-28,167.40077209472656,299.86614990234375,282.1166687011719
2022-01-31,171.7742462158203,302.5119934082031,312.239990234375
2022-02-01,171.607177734375,300.35247802734375,310.4166564941406
2022-02-02,172.81602478027344,304.92449951171875,301.88665771484375
2022-02-03,169.9265899658203,293.04693603515625,297.0466613769531
2022-02-04,169.64122009277344,297.6092834472656,307.7733459472656
2022-02-07,168.92288208007812,292.755126953125,302.4466552734375
2022-02-08,172.04232788085938,296.26690673828125,307.3333435058594
2022-02-09,173.4691619873047,302.73577880859375,310.6666564941406
2022-02-10,169.37550354003906,294.14617919921875,301.51666259765625
2022-02-11,165.9510040283203,287.006103515625,286.6666564941406
2022-02-14,166.18716430664062,286.9671630859375,291.9200134277344
2022-02-15,170.03482055664062,292.2882385253906,307.4766540527344
2022-02-16,169.7986602783203,291.9469909667969,307.7966613769531
2022-02-17,166.18716430664062,283.398193359375,292.1166687011719
2022-02-18,164.6323699951172,280.6687927246094,285.6600036621094
2022-02-22,161.6999053955078,280.4641418457031,273.84332275390625
2022-02-23,157.51766967773438,273.20196533203125,254.67999267578125
2022-02-24,160.14508056640625,287.160888671875,266.92333984375
2022-02-25,162.22146606445312,289.8122253417969,269.9566650390625
2022-02-28,162.4871368408203,291.25494384765625,290.1433410644531
2022-03-01,160.59776306152344,287.5118408203125,288.1233215332031
2022-03-02,163.9041748046875,292.6195983886719,293.2966613769531
2022-03-03,163.5794219970703,288.4573059082031,279.7633361816406
2022-03-04,160.56822204589844,282.55010986328125,279.42999267578125
2022-03-07,156.75994873046875,271.87628173828125,268.1933288574219
2022-03-08,154.92962646484375,268.8934326171875,274.79998779296875
2022-03-09,160.3517303466797,281.2244567871094,286.3233337402344
2022-03-10,155.99240112304688,278.38787841796875,279.4333190917969
2022-03-11,152.26280212402344,273.0070495605469,265.1166687011719
2022-03-14,148.2183380126953,269.4686279296875,255.4566650390625
2022-03-15,152.61705017089844,279.9084777832031,267.2966613769531
2022-03-16,157.04531860351562,286.9659423828125,280.07666015625
2022-03-17,158.05886840820312,287.77496337890625,290.5333251953125
2022-03-18,161.36534118652344,292.85357666015625,301.7966613769531
2022-03-21,162.7429962158203,291.6155700683594,307.0533447265625
2022-03-22,166.1281280517578,296.39208984375,331.32666015625
2022-03-23,167.49600219726562,291.9372863769531,333.03668212890625
2022-03-24,171.29443359375,296.4309997558594,337.97332763671875
2022-03-25,171.93406677246094,296.0216369628906,336.8800048828125
2022-03-28,172.8000030517578,302.8645324707031,363.9466552734375
2022-03-29,176.10646057128906,307.4558410644531,366.5233459472656
2022-03-30,174.93545532226562,305.9449462890625,364.663330078125
2022-03-31,171.8258056640625,300.53485107421875,359.20001220703125
2022-04-01,171.53060913085938,301.61688232421875,361.5299987792969
2022-04-04,175.59474182128906,307.0269470214844,381.8166809082031
2022-04-05,172.2686309814453,303.0400695800781,363.7533264160156
2022-04-06,169.09017944335938,291.9469909667969,348.586669921875
2022-04-07,169.3951873779297,293.7698974609375,352.4200134277344
2022-04-08,167.37786865234375,289.4808349609375,341.8299865722656
2022-04-11,163.1071014404297,278.0661926269531,325.30999755859375
2022-04-12,164.9866485595703,274.9468688964844,328.98333740234375
2022-04-13,167.68292236328125,280.3666076660156,340.7900085449219
2022-04-14,162.6544189453125,272.77313232421875,328.3333435058594
2022-04-18,162.4379119873047,273.4456481933594,334.7633361816406
2022-04-19,164.73077392578125,278.1051330566406,342.7166748046875
2022-04-20,164.5634765625,279.13836669921875,325.73333740234375
2022-04-21,163.7664031982422,273.7284240722656,336.260009765625
2022-04-22,159.21023559570312,267.1193542480469,335.01666259765625
2022-04-25,160.28286743164062,273.6406555175781,332.67333984375
2022-04-26,154.2998046875,263.4054260253906,292.1400146484375
2022-04-27,154.073486328125,276.0776062011719,293.836669921875
2022-04-28,161.03074645996094,282.3259582519531,292.5033264160156
2022-04-29,155.13624572753906,270.5213928222656,290.2533264160156
2022-05-02,155.44134521484375,277.2960510253906,300.9800109863281
2022-05-03,156.9370574951172,274.6739196777344,303.0833435058594
2022-05-04,163.37277221679688,282.66717529296875,317.5400085449219
2022-05-05,154.27027893066406,270.35565185546875,291.09332275390625
2022-05-06,154.9995574951172,267.80169677734375,288.54998779296875
2022-05-09,149.855224609375,257.90765380859375,262.3699951171875
2022-05-10,152.26971435546875,262.7036437988281,266.67999267578125
2022-05-11,144.37583923339844,253.9792938232422,244.6666717529297
2022-05-12,140.4929656982422,248.9104461669922,242.6666717529297
2022-05-13,144.9770050048828,254.534912109375,256.5299987792969
2022-05-16,143.4297637939453,254.90533447265625,241.4566650390625
2022-05-17,147.07611083984375,260.09124755859375,253.8699951171875
2022-05-18,138.77821350097656,248.24932861328125,236.60333251953125
2022-05-19,135.35853576660156,247.33090209960938,236.47332763671875
2022-05-20,135.5950469970703,246.76422119140625,221.3000030517578
2022-05-23,141.03500366210938,254.66854858398438,224.96665954589844
2022-05-24,138.32485961914062,253.6622314453125,209.3866729736328
2022-05-25,138.4825439453125,256.4956359863281,219.60000610351562
2022-05-26,141.6952667236328,259.7980651855469,235.91000366210938
2022-05-27,147.4703369140625,266.9696044921875,253.2100067138672
2022-05-31,146.6819305419922,265.6310729980469,252.75332641601562
2022-06-01,146.5537872314453,266.1684875488281,246.7899932861328
2022-06-02,149.01756286621094,268.2789001464844,258.3333435058594
2022-06-03,143.27210998535156,263.82354736328125,234.51666259765625
2022-06-06,144.0210723876953,262.5827331542969,238.27999877929688
2022-06-07,146.5537872314453,266.2466125488281,238.8866729736328
2022-06-08,145.814697265625,264.2046203613281,241.86666870117188
2022-06-09,140.57180786132812,258.71356201171875,239.7066650390625
2022-06-10,135.1417236328125,247.1843719482422,232.22999572753906
2022-06-13,129.9678192138672,236.70057678222656,215.73666381835938
2022-06-14,130.83506774902344,238.87942504882812,220.88999938964844
2022-06-15,133.46632385253906,245.9825439453125,233.0
2022-06-16,128.17420959472656,239.34840393066406,213.10000610351562
2022-06-17,129.6524658203125,241.9668731689453,216.75999450683594
2022-06-21,133.8999786376953,247.91714477539062,237.0366668701172
2022-06-22,133.38751220703125,247.32113647460938,236.086669921875
2022-06-23,136.2651824951172,252.91958618164062,235.07000732421875
2022-06-24,139.60601806640625,261.5567932128906,245.7066650390625
2022-06-27,139.60601806640625,258.811279296875,244.9199981689453
2022-06-28,135.4472198486328,250.59425354003906,232.663330078125
2022-06-29,137.21127319335938,254.2874755859375,228.49000549316406
2022-06-30,134.73768615722656,250.9362335205078,224.47332763671875
2022-07-01,136.91558837890625,253.62310791015625,227.26333618164062
2022-07-05,139.5074920654297,256.8181457519531,233.06666564941406
2022-07-06,140.8477325439453,260.1009521484375,231.73333740234375
2022-07-07,144.22804260253906,262.2406921386719,244.5433349609375
2022-07-08,144.9080047607422,261.5177001953125,250.76333618164062
2022-07-11,142.76947021484375,258.43994140625,234.3433380126953
2022-07-12,143.7451171875,247.84873962402344,233.07000732421875
2022-07-13,143.38050842285156,246.92056274414062,237.0399932861328
2022-07-14,146.31727600097656,248.24932861328125,238.31333923339844
2022-07-15,147.99264526367188,250.82875061035156,240.06666564941406
2022-07-18,144.93759155273438,248.41546630859375,240.54666137695312
2022-07-19,148.8105926513672,253.57427978515625,245.52999877929688
2022-07-20,150.8209991455078,256.2513427734375,247.5
2022-07-21,153.09751892089844,258.76239013671875,271.7066650390625
2022-07-22,151.85580444335938,254.38522338867188,272.24334716796875
2022-07-25,150.73231506347656,252.8903045654297,268.4333190917969
2022-07-26,149.4019012451172,246.1193389892578,258.8599853515625
2022-07-27,154.51666259765625,262.5728454589844,274.82000732421875
2022-07-28,155.06854248046875,270.06689453125,280.8999938964844
2022-07-29,160.15370178222656,274.2975769042969,297.1499938964844
2022-08-01,159.168212890625,271.6302490234375,297.27667236328125
2022-08-02,157.68995666503906,268.5133361816406,300.586669921875
2022-08-03,163.7212371826172,275.98785400390625,307.39666748046875
2022-08-04,163.4058380126953,277.1407775878906,308.6333312988281
2022-08-05,163.1789093017578,276.41766357421875,288.1700134277344
2022-08-08,162.70518493652344,273.88714599609375,290.42333984375
2022-08-09,162.75453186035156,275.82171630859375,283.3333435058594
2022-08-10,167.01780700683594,282.52435302734375,294.3566589355469
2022-08-11,166.27767944335938,280.43341064453125,286.6300048828125
2022-08-12,169.8402557373047,285.211181640625,300.0299987792969
2022-08-15,170.91595458984375,286.7353820800781,309.32000732421875
2022-08-16,170.758056640625,285.99285888671875,306.5633239746094
2022-08-17,172.25807189941406,285.2388916015625,303.9966735839844
2022-08-18,171.86334228515625,284.1129150390625,302.8699951171875
2022-08-19,169.2678680419922,280.1768493652344,296.6666564941406
2022-08-22,165.36973571777344,271.9521789550781,289.913330078125
2022-08-23,165.03421020507812,270.6695251464844,296.4533386230469
2022-08-24,165.33026123046875,270.0330505371094,297.0966796875
2022-08-25,167.7974395751953,273.0292053222656,296.07000732421875
2022-08-26,161.47158813476562,262.49383544921875,288.0899963378906
2022-08-29,159.26101684570312,259.6935729980469,284.82000732421875
2022-08-30,156.8234405517578,257.4806823730469,277.70001220703125
2022-08-31,155.1556396484375,256.01202392578125,275.6099853515625
2022-09-01,155.88592529296875,254.9643096923828,277.1600036621094
2022-09-02,153.76417541503906,250.7149200439453,270.2099914550781
2022-09-06,152.50096130371094,247.96359252929688,274.4200134277344
2022-09-07,153.9121551513672,252.7025909423828,283.70001220703125
2022-09-08,152.43190002441406,253.12355041503906,289.260009765625
2022-09-09,155.30364990234375,258.93963623046875,299.67999267578125
2022-09-12,161.28407287597656,261.0838928222656,304.4200134277344
2022-09-13,151.8200225830078,246.72991943359375,292.1300048828125
2022-09-14,153.27072143554688,246.95509338378906,302.6099853515625
2022-09-15,150.3693084716797,240.2578582763672,303.75
2022-09-16,148.72125244140625,239.63124084472656,303.3500061035156
2022-09-19,152.4516143798828,239.41586303710938,309.07000732421875
2022-09-20,154.83984375,237.38902282714844,308.7300109863281
2022-09-21,151.70159912109375,233.9621124267578,300.79998779296875
2022-09-22,150.73446655273438,235.94972229003906,288.5899963378906
2022-09-23,148.45477294921875,232.95359802246094,275.3299865722656
2022-09-26,148.7903594970703,232.49339294433594,276.010009765625
2022-09-27,149.76731872558594,231.47511291503906,282.94000244140625
2022-09-28,147.87254333496094,236.03787231445312,287.80999755859375
2022-09-29,140.60914611816406,232.5423583984375,268.2099914550781
2022-09-30,136.3853759765625,228.0383758544922,265.25
2022-10-03,140.57958984375,235.71473693847656,242.39999389648438
2022-10-04,144.18165588378906,243.68482971191406,249.44000244140625
2022-10-05,144.4777069091797,243.9981231689453,240.80999755859375
2022-10-06,143.5204315185547,241.63845825195312,238.1300048828125
2022-10-07,138.25057983398438,229.35043334960938,223.07000732421875
2022-10-10,138.57623291015625,224.46458435058594,222.9600067138672
2022-10-11,137.15512084960938,220.70474243164062,216.5
2022-10-12,136.52354431152344,221.03762817382812,217.24000549316406
2022-10-13,141.1124725341797,229.35043334960938,221.72000122070312
2022-10-14,136.56301879882812,223.78895568847656,204.99000549316406
2022-10-17,140.5400848388672,232.57174682617188,219.35000610351562
2022-10-18,141.8625030517578,233.52149963378906,220.19000244140625
2022-10-19,141.97105407714844,231.5436553955078,222.0399932861328
2022-10-20,141.50721740722656,231.22055053710938,207.27999877929688
2022-10-21,145.33628845214844,237.06591796875,214.44000244140625
2022-10-24,147.48764038085938,242.08885192871094,211.25
2022-10-25,150.33970642089844,245.4276580810547,222.4199981689453
2022-10-26,147.3889617919922,226.49136352539062,224.63999938964844
2022-10-27,142.89869689941406,222.01675415039062,225.08999633789062
2022-10-28,153.69508361816406,230.94638061523438,228.52000427246094
2022-10-31,151.3265838623047,227.2844696044922,227.5399932861328
2022-11-01,148.67189025878906,223.40713500976562,227.82000732421875
2022-11-02,143.1256866455078,215.50558471679688,214.97999572753906
2022-11-03,137.05645751953125,209.77767944335938,215.30999755859375
2022-11-04,136.78955078125,216.7686767578125,207.47000122070312
2022-11-07,137.32333374023438,223.1133575439453,197.0800018310547
2022-11-08,137.8966522216797,224.09251403808594,191.3000030517578
2022-11-09,133.31988525390625,219.82351684570312,177.58999633789062
2022-11-10,145.18197631835938,237.907958984375,190.72000122070312
2022-11-11,147.97943115234375,241.95176696777344,195.97000122070312
2022-11-14,146.5757598876953,236.50782775878906,190.9499969482422
2022-11-15,148.31552124023438,236.91903686523438,194.4199981689453
2022-11-16,147.0798797607422,237.35107421875,186.9199981689453
2022-11-17,148.9877166748047,237.30197143554688,183.1699981689453
2022-11-18,149.5511932373047,236.85031127929688,180.19000244140625
2022-11-21,146.30885314941406,237.66526794433594,167.8699951171875
2022-11-22,148.4539031982422,240.59129333496094,169.91000366210938
2022-11-23,149.3336944580078,243.0950927734375,183.1999969482422
2022-11-25,146.40771484375,243.0067138671875,182.86000061035156
2022-11-28,142.5624542236328,237.3805389404297,182.9199981689453
2022-11-29,139.5474853515625,235.97645568847656,180.8300018310547
2022-11-30,146.32864379882812,250.51815795898438,194.6999969482422
2022-12-01,146.60543823242188,250.07627868652344,194.6999969482422
2022-12-02,146.1111602783203,250.40032958984375,194.86000061035156
2022-12-05,144.9447479248047,245.66763305664062,182.4499969482422
2022-12-06,141.26748657226562,240.67965698242188,179.82000732421875
2022-12-07,139.32012939453125,239.9432373046875,174.0399932861328
2022-12-08,141.01048278808594,242.91836547851562,173.44000244140625
2022-12-09,140.52610778808594,240.97422790527344,179.0500030517578
2022-12-12,142.829345703125,247.935791015625,167.82000732421875
2022-12-13,143.79808044433594,252.2659149169922,160.9499969482422
2022-12-14,141.56405639648438,252.56048583984375,156.8000030517578
2022-12-15,134.93116760253906,244.49920654296875,157.6699981689453
2022-12-16,132.9640350341797,240.25746154785156,150.22999572753906
2022-12-19,130.84860229492188,236.09425354003906,149.8699951171875
2022-12-20,130.77943420410156,237.41978454589844,137.8000030517578
2022-12-21,133.8932342529297,240.00213623046875,137.57000732421875
2022-12-22,130.71022033691406,233.87521362304688,125.3499984741211
2022-12-23,130.34449768066406,234.40541076660156,123.1500015258789
2022-12-27,128.5355224609375,232.6675262451172,109.0999984741211
2022-12-28,124.59137725830078,230.28150939941406,112.70999908447266
2022-12-29,128.120361328125,236.64410400390625,121.81999969482422
2022-12-30,128.4366455078125,235.47569274902344,123.18000030517578
2023-01-03,123.63252258300781,235.24005126953125,108.0999984741211
2023-01-04,124.90770721435547,224.9498748779297,113.63999938964844
2023-01-05,123.58309936523438,218.28285217285156,110.33999633789062
2023-01-06,128.13023376464844,220.8553924560547,113.05999755859375
2023-01-09,128.6541290283203,223.00572204589844,119.7699966430664
2023-01-10,129.22747802734375,224.70437622070312,118.8499984741211
2023-01-11,131.95574951171875,231.49903869628906,123.22000122070312
2023-01-12,131.87669372558594,234.1894073486328,123.55999755859375
2023-01-13,133.21116638183594,234.89637756347656,122.4000015258789
2023-01-17,134.3776092529297,235.99607849121094,131.49000549316406
2023-01-18,133.65599060058594,231.538330078125,128.77999877929688
2023-01-19,133.71530151367188,227.7285919189453,127.16999816894531
2023-01-20,136.28541564941406,235.86843872070312,133.4199981689453
2023-01-23,139.48818969726562,238.18568420410156,143.75
2023-01-24,140.89187622070312,237.65545654296875,143.88999938964844
2023-01-25,140.22955322265625,236.25135803222656,144.42999267578125
2023-01-26,142.30543518066406,243.5074920654297,160.27000427246094
2023-01-27,144.25277709960938,243.6645965576172,177.89999389648438
2023-01-30,141.3564453125,238.31333923339844,166.66000366210938
2023-01-31,142.63160705566406,243.32095336914062,173.22000122070312
2023-02-01,143.75851440429688,248.17144775390625,181.41000366210938
2023-02-02,149.08656311035156,259.8067932128906,188.27000427246094
2023-02-03,152.72425842285156,253.67001342773438,189.97999572753906
2023-02-06,149.98611450195312,252.11859130859375,194.75999450683594
2023-02-07,152.87255859375,262.7131652832031,196.80999755859375
2023-02-08,150.1739501953125,261.898193359375,201.2899932861328
2023-02-09,149.13600158691406,258.8445129394531,207.32000732421875
2023-02-10,149.50230407714844,258.33392333984375,196.88999938964844
2023-02-13,152.31396484375,266.40509033203125,194.63999938964844
2023-02-14,151.67044067382812,267.2396545410156,209.25
2023-02-15,153.7791748046875,265.1036376953125,214.24000549316406
2023-02-16,152.17535400390625,258.0458679199219,202.0399932861328
2023-02-17,151.0269317626953,254.01991271972656,208.30999755859375
2023-02-21,146.99757385253906,248.71429443359375,197.3699951171875
2023-02-22,147.42327880859375,247.5724639892578,200.86000061035156
2023-02-23,147.9083709716797,250.78143310546875,202.07000732421875
2023-02-24,145.24525451660156,245.31829833984375,196.8800048828125
2023-02-27,146.44317626953125,246.2436065673828,207.6300048828125
2023-02-28,145.93824768066406,245.51516723632812,205.7100067138672
2023-03-01,143.85922241210938,242.41448974609375,202.77000427246094
2023-03-02,144.45323181152344,247.17872619628906,190.89999389648438
2023-03-03,149.52210998535156,251.2932891845703,197.7899932861328
2023-03-06,152.29415893554688,252.84852600097656,193.80999755859375
2023-03-07,150.08642578125,250.17112731933594,187.7100067138672
2023-03-08,151.34373474121094,249.72817993164062,182.0
2023-03-09,149.08648681640625,248.36978149414062,172.9199981689453
2023-03-10,147.01736450195312,244.6981658935547,173.44000244140625
2023-03-13,148.96768188476562,249.94471740722656,174.47999572753906
2023-03-14,151.06654357910156,256.7071838378906,183.25999450683594
2023-03-15,151.46255493164062,261.28436279296875,180.4499969482422
2023-03-16,154.2939910888672,271.8759460449219,184.1300048828125
2023-03-17,153.4524688720703,275.0553894042969,180.1300048828125
2023-03-20,155.82852172851562,267.96807861328125,183.25
2023-03-21,157.6897430419922,269.4937744140625,197.5800018310547
2023-03-22,156.25421142578125,268.0271301269531,191.14999389648438
2023-03-23,157.34323120117188,273.3130798339844,192.22000122070312
2023-03-24,158.65005493164062,276.17755126953125,190.41000366210938
2023-03-27,156.69972229003906,272.0531005859375,191.80999755859375
2023-03-28,156.0760040283203,270.9211120605469,189.19000244140625
2023-03-29,159.1648712158203,276.11846923828125,193.8800048828125
2023-03-30,160.73899841308594,279.60302734375,195.27999877929688
2023-03-31,163.25363159179688,283.78643798828125,207.4600067138672
2023-04-03,164.5109405517578,282.73321533203125,194.77000427246094
2023-04-04,163.97634887695312,282.6839904785156,192.5800018310547
2023-04-05,162.12501525878906,279.88848876953125,185.52000427246094
2023-04-06,163.0160369873047,287.0347900390625,185.05999755859375
2023-04-10,160.4122772216797,284.8594055175781,184.50999450683594
2023-04-11,159.19456481933594,278.4021301269531,186.7899932861328
2023-04-12,158.50155639648438,279.0517883300781,180.5399932861328
2023-04-13,163.90704345703125,285.3023681640625,185.89999389648438
2023-04-14,163.560546875,281.6603088378906,185.0
2023-04-17,163.58033752441406,284.2786560058594,187.0399932861328
2023-04-18,164.8079833984375,283.8553771972656,184.30999755859375
2023-04-19,165.95640563964844,283.9341125488281,180.58999633789062
2023-04-20,164.9861602783203,281.63079833984375,162.99000549316406
2023-04-21,163.37245178222656,281.2862854003906,165.0800018310547
2023-04-24,163.6793212890625,277.3586730957031,162.5500030517578
2023-04-25,162.13491821289062,271.1081237792969,160.6699981689453
2023-04-26,162.12501525878906,290.745849609375,153.75
2023-04-27,166.7285919189453,300.0577087402344,160.19000244140625
2023-04-28,167.9859161376953,302.4496765136719,164.30999755859375
2023-05-01,167.8968048095703,300.7762756347656,161.8300018310547
2023-05-02,166.85728454589844,300.62860107421875,160.30999755859375
2023-05-03,165.77818298339844,299.63446044921875,160.61000061035156
2023-05-04,164.1347198486328,300.62860107421875,161.1999969482422
2023-05-05,171.83705139160156,305.78656005859375,170.05999755859375
2023-05-08,171.76776123046875,303.8179016113281,171.7899932861328
2023-05-09,170.0550537109375,302.19366455078125,169.14999389648438
2023-05-10,171.82716369628906,307.4205322265625,168.5399932861328
2023-05-11,172.0152587890625,305.2550354003906,172.0800018310547
2023-05-12,171.08338928222656,304.1329345703125,167.97999572753906
2023-05-15,170.58767700195312,304.615234375,166.35000610351562
2023-05-16,170.58767700195312,306.8595275878906,166.52000427246094
2023-05-17,171.20233154296875,309.7597961425781,173.86000061035156
2023-05-18,173.5419921875,314.2187805175781,176.88999938964844
2023-05-19,173.6510467529297,314.0411682128906,180.13999938964844
2023-05-22,172.69932556152344,316.8428649902344,188.8699951171875
2023-05-23,170.08206176757812,311.0028381347656,185.77000427246094
2023-05-24,170.35963439941406,309.6118469238281,182.89999389648438
2023-05-25,171.49974060058594,321.5189208984375,184.47000122070312
2023-05-26,173.91873168945312,328.3947448730469,193.1699981689453
2023-05-30,175.77261352539062,326.7373962402344,201.16000366210938
2023-05-31,175.72305297851562,323.95550537109375,203.92999267578125
2023-06-01,178.53858947753906,328.0888977050781,207.52000427246094
2023-06-02,179.3911895751953,330.870849609375,213.97000122070312
2023-06-05,178.03297424316406,331.403564453125,217.61000061035156
2023-06-06,177.66616821289062,329.1741027832031,221.30999755859375
2023-06-07,176.2881317138672,319.01312255859375,224.57000732421875
2023-06-08,179.0144500732422,320.8677978515625,234.86000061035156
2023-06-09,179.40109252929688,322.37713623046875,244.39999389648438
2023-06-12,182.2067108154297,327.3687744140625,249.8300018310547
2023-06-13,181.73085021972656,329.7758483886719,258.7099914550781
2023-06-14,182.36532592773438,332.7845764160156,256.7900085449219
2023-06-15,184.40757751464844,343.3993225097656,255.89999389648438
2023-06-16,183.3269805908203,337.70721435546875,260.5400085449219
2023-06-20,183.41619873046875,333.48504638671875,274.45001220703125
2023-06-21,182.375244140625,329.0556945800781,259.4599914550781
2023-06-22,185.3890380859375,335.1226501464844,264.6099853515625
2023-06-23,185.07180786132812,330.4959716796875,256.6000061035156
2023-06-26,183.67396545410156,324.1626892089844,241.0500030517578
2023-06-27,186.43991088867188,330.0520324707031,250.2100067138672
2023-06-28,187.61965942382812,331.31475830078125,256.239990234375
2023-06-29,187.95675659179688,330.52557373046875,257.5
2023-06-30,192.2990264892578,335.9414367675781,261.7699890136719
2023-07-03,190.80203247070312,333.42584228515625,279.82000732421875
2023-07-05,189.6817626953125,333.583740234375,282.4800109863281
2023-07-06,190.15762329101562,336.66156005859375,276.5400085449219
2023-07-07,189.037353515625,332.6662292480469,274.42999267578125
2023-07-10,186.98519897460938,327.3489990234375,269.6099853515625
2023-07-11,186.45977783203125,327.9804382324219,269.7900085449219
2023-07-12,188.1352081298828,332.64654541015625,271.989990234375
2023-07-13,188.8985595703125,338.03277587890625,277.8999938964844
2023-07-14,189.0472869873047,340.57794189453125,281.3800048828125
2023-07-17,192.31884765625,341.0613098144531,290.3800048828125
2023-07-18,192.0610809326172,354.6355285644531,293.3399963378906
2023-07-19,193.41925048828125,350.2850646972656,291.260009765625
2023-07-20,191.4662322998047,342.1859436035156,262.8999938964844
2023-07-21,190.28651428222656,339.1278076171875,260.0199890136719
2023-07-24,191.0895233154297,340.4497375488281,269.05999755859375
2023-07-25,191.9520263671875,346.2404479980469,265.2799987792969
2023-07-26,192.824462890625,333.20880126953125,264.3500061035156
2023-07-27,191.5554656982422,326.2540283203125,255.7100067138672
2023-07-28,194.14300537109375,333.8007507324219,266.44000244140625
2023-07-31,194.75765991210938,331.3837890625,267.42999267578125
2023-08-01,193.92489624023438,331.79815673828125,261.07000732421875
2023-08-02,190.92100524902344,323.0775146484375,254.11000061035156
2023-08-03,189.52313232421875,322.2488708496094,259.32000732421875
2023-08-04,180.42221069335938,323.3537292480469,253.86000061035156
2023-08-07,177.30926513671875,325.65228271484375,251.4499969482422
2023-08-08,178.25106811523438,321.6470947265625,249.6999969482422
2023-08-09,176.65493774414062,317.87872314453125,242.19000244140625
2023-08-10,176.4368438720703,318.5692138671875,245.33999633789062
2023-08-11,176.49639892578125,316.6751708984375,242.64999389648438
2023-08-14,178.15426635742188,319.66424560546875,239.75999450683594
2023-08-15,176.1588897705078,317.5136413574219,232.9600067138672
2023-08-16,175.28529357910156,316.7425842285156,225.60000610351562
2023-08-17,172.7340087890625,313.26275634765625,219.22000122070312
2023-08-18,173.22042846679688,312.86737060546875,215.49000549316406
2023-08-21,174.56060791015625,318.2056579589844,231.27999877929688
2023-08-22,175.94049072265625,318.7790832519531,233.19000244140625
2023-08-23,179.8021697998047,323.2672424316406,236.86000061035156
2023-08-24,175.0966796875,316.3174743652344,230.0399932861328
2023-08-25,177.31045532226562,319.2931823730469,238.58999633789062
2023-08-28,178.87896728515625,320.00494384765625,238.82000732421875
2023-08-29,182.7803497314453,324.6611328125,257.17999267578125
2023-08-30,186.28465270996094,325.03680419921875,256.8999938964844
2023-08-31,186.5030517578125,324.0185546875,258.0799865722656
2023-09-01,188.08151245117188,324.9082946777344,245.00999450683594
2023-09-05,188.3197479248047,329.7424621582031,256.489990234375
2023-09-06,181.57916259765625,329.08013916015625,251.9199981689453
2023-09-07,176.26808166503906,326.14404296875,251.49000549316406
2023-09-08,176.88357543945312,330.4542541503906,248.5
2023-09-11,178.0549774169922,334.0823669433594,273.5799865722656
2023-09-12,175.0172576904297,327.9827880859375,267.4800109863281
2023-09-13,172.94244384765625,332.22381591796875,271.29998779296875
2023-09-14,174.46133422851562,334.8337097167969,276.0400085449219
2023-09-15,173.73663330078125,326.4505310058594,274.3900146484375
2023-09-18,176.67510986328125,325.3037109375,265.2799987792969
2023-09-19,177.76708984375,324.8984069824219,266.5
2023-09-20,174.21316528320312,317.10833740234375,262.5899963378906
2023-09-21,172.6645050048828,315.88250732421875,255.6999969482422
2023-09-22,173.5182342529297,313.391357421875,244.8800048828125
2023-09-25,174.79884338378906,313.9152526855469,246.99000549316406
2023-09-26,170.70883178710938,308.5768737792969,244.1199951171875
2023-09-27,169.18994140625,309.2194519042969,240.5
2023-09-28,169.4480743408203,310.0597839355469,246.3800048828125
2023-09-29,169.96429443359375,312.1456604003906,250.22000122070312
2023-10-02,172.4857940673828,318.1265869140625,251.60000610351562
2023-10-03,171.14561462402344,309.8126525878906,246.52999877929688
2023-10-04,172.39646911621094,315.31903076171875,261.1600036621094
2023-10-05,173.63734436035156,315.7144470214844,260.04998779296875
2023-10-06,176.19859313964844,323.5242919921875,260.5299987792969
2023-10-09,177.68768310546875,326.0550537109375,259.6700134277344
2023-10-10,177.09202575683594,324.6413879394531,263.6199951171875
2023-10-11,178.4917755126953,328.62542724609375,262.989990234375
2023-10-12,179.39517211914062,327.3797607421875,258.8699951171875
2023-10-13,177.5487060546875,323.9888916015625,251.1199951171875
2023-10-16,177.41964721679688,328.8428649902344,253.9199981689453
2023-10-17,175.86105346679688,328.26947021484375,254.85000610351562
2023-10-18,174.56060791015625,326.3417663574219,242.67999267578125
2023-10-19,174.18336486816406,327.5379333496094,220.11000061035156
2023-10-20,171.62216186523438,322.9410705566406,211.99000549316406
2023-10-23,171.74127197265625,325.5607604980469,212.0800018310547
2023-10-24,172.17807006835938,326.75689697265625,216.52000427246094
2023-10-25,169.8551025390625,336.7812194824219,212.4199981689453
2023-10-26,165.67572021484375,324.1471252441406,205.75999450683594
2023-10-27,166.99603271484375,326.045166015625,207.3000030517578
2023-10-30,169.05096435546875,333.45953369140625,197.36000061035156
2023-10-31,169.52748107910156,334.25042724609375,200.83999633789062
2023-11-01,172.70420837402344,342.11956787109375,205.66000366210938
2023-11-02,176.2780303955078,344.3439025878906,218.50999450683594
2023-11-03,175.3647003173828,348.7727355957031,219.9600067138672
2023-11-06,177.92593383789062,352.46014404296875,219.27000427246094
2023-11-07,180.49710083007812,356.4145202636719,222.17999267578125
2023-11-08,181.55929565429688,359.05401611328125,222.11000061035156
2023-11-09,181.08282470703125,356.5726623535156,209.97999572753906
2023-11-10,185.28753662109375,365.4501647949219,214.64999389648438
2023-11-13,183.6970977783203,362.4943542480469,223.7100067138672
2023-11-14,186.3213653564453,366.0433044433594,237.41000366210938
2023-11-15,186.887939453125,366.19189453125,242.83999633789062
2023-11-16,188.57781982421875,372.63079833984375,233.58999633789062
2023-11-17,188.55792236328125,366.3702087402344,234.3000030517578
2023-11-20,190.3074188232422,373.8888244628906,235.60000610351562
2023-11-21,189.50225830078125,369.5599060058594,241.1999969482422
2023-11-22,190.1682586669922,374.29498291015625,234.2100067138672
2023-11-24,188.83624267578125,373.87884521484375,235.4499969482422
2023-11-27,188.6573028564453,375.0477600097656,236.0800018310547
2023-11-28,189.263671875,379.0993347167969,246.72000122070312
2023-11-29,188.2398223876953,375.2855224609375,244.13999938964844
2023-11-30,188.81634521484375,375.3450012207031,240.0800018310547
2023-12-01,190.0986785888672,370.9863586425781,238.8300018310547
2023-12-04,188.29945373535156,365.66693115234375,235.5800018310547
2023-12-05,192.26565551757812,369.01507568359375,238.72000122070312
2023-12-06,191.17222595214844,365.330078125,239.3699951171875
2023-12-07,193.11058044433594,367.4598693847656,242.63999938964844
2023-12-08,194.5419921875,370.708984375,243.83999633789062
2023-12-11,192.027099609375,367.8065490722656,239.74000549316406
2023-12-12,193.5479736328125,370.85760498046875,237.00999450683594
2023-12-13,196.778564453125,370.84765625,239.2899932861328
2023-12-14,196.9276885986328,362.48712158203125,251.0500030517578
2023-12-15,196.39089965820312,367.241943359375,253.5
2023-12-18,194.72091674804688,369.14385986328125,252.0800018310547
2023-12-19,195.76466369628906,369.7481689453125,257.2200012207031
2023-12-20,193.667236328125,367.1329650878906,247.13999938964844
2023-12-21,193.51812744140625,370.0255126953125,254.5
2023-12-22,192.44459533691406,371.0556945800781,252.5399932861328
2023-12-26,191.8978729248047,371.13494873046875,256.6099853515625
2023-12-27,191.9972686767578,370.550537109375,261.44000244140625
2023-12-28,192.42469787597656,371.7491149902344,253.17999267578125
2023-12-29,191.38096618652344,372.5019836425781,248.47999572753906
2024-01-02,184.53208923339844,367.380615234375,248.4199981689453
2024-01-03,183.150390625,367.1131591796875,238.4499969482422
2024-01-04,180.8243408203125,364.4781494140625,237.92999267578125
2024-01-05,180.0987091064453,364.2900085449219,237.49000549316406
2024-01-08,184.45257568359375,371.1646728515625,240.4499969482422
2024-01-09,184.0350799560547,372.25433349609375,234.9600067138672
2024-01-10,185.0788116455078,379.16864013671875,233.94000244140625
2024-01-11,184.48236083984375,381.0111389160156,227.22000122070312
2024-01-12,184.8104248046875,384.81500244140625,218.88999938964844
2024-01-16,182.53407287597656,386.5980529785156,219.91000366210938
2024-01-17,181.58973693847656,385.80560302734375,215.5500030517578
2024-01-18,187.50424194335938,390.1641845703125,211.8800048828125
2024-01-19,190.416748046875,394.91912841796875,212.19000244140625
2024-01-22,192.73284912109375,392.7793884277344,208.8000030517578
2024-01-23,194.01513671875,395.14691162109375,209.13999938964844
2024-01-24,193.33921813964844,398.7724304199219,207.8300018310547
2024-01-25,193.0111846923828,401.06072998046875,182.6300048828125
2024-01-26,191.27162170410156,400.12957763671875,183.25
2024-01-29,190.5857391357422,405.8650817871094,190.92999267578125
2024-01-30,186.9177703857422,404.7456970214844,191.58999633789062
2024-01-31,183.2994842529297,393.8393249511719,187.2899932861328
2024-02-01,185.74481201171875,399.98101806640625,188.86000061035156
2024-02-02,184.7408447265625,407.35101318359375,187.91000366210938
2024-02-05,186.55990600585938,401.8334045410156,181.05999755859375
2024-02-06,188.1702423095703,401.6748962402344,185.10000610351562
2024-02-07,188.2795867919922,410.1543273925781,187.5800018310547
2024-02-08,187.1960906982422,410.2137756347656,189.55999755859375
2024-02-09,187.96246337890625,416.5931396484375,193.57000732421875
2024-02-12,186.27044677734375,411.3529968261719,188.1300048828125
2024-02-13,184.17037963867188,402.4971008300781,184.02000427246094
2024-02-14,183.28456115722656,406.3873596191406,188.7100067138672
2024-02-15,182.99594116210938,403.4795837402344,200.4499969482422
2024-02-16,181.4532012939453,400.9985046386719,199.9499969482422
2024-02-20,180.7067413330078,399.7381591796875,193.75999450683594
2024-02-21,181.46316528320312,399.1327819824219,194.77000427246094
2024-02-22,183.50352478027344,408.531005859375,197.41000366210938
2024-02-23,181.6622314453125,407.23095703125,191.97000122070312
2024-02-26,180.30860900878906,404.4521789550781,199.39999389648438
2024-02-27,181.77171325683594,404.3926086425781,199.72999572753906
2024-02-28,180.56739807128906,404.6307678222656,202.0399932861328
2024-02-29,179.90054321289062,410.5059509277344,201.8800048828125
2024-03-01,178.815673828125,412.3518371582031,202.63999938964844
2024-03-04,174.277099609375,411.7762756347656,188.13999938964844
2024-03-05,169.3205108642578,399.59918212890625,180.74000549316406
2024-03-06,168.32518005371094,399.04345703125,176.5399932861328
2024-03-07,168.20574951171875,406.0400695800781,178.64999389648438
2024-03-08,169.9276123046875,403.14215087890625,175.33999633789062
2024-03-11,171.93814086914062,401.45501708984375,177.77000427246094
2024-03-12,172.41586303710938,412.13348388671875,177.5399932861328
2024-03-13,170.3257598876953,411.9548645019531,169.47999572753906
2024-03-14,172.1869659423828,421.9981994628906,162.5
2024-03-15,171.80874633789062,413.264892578125,163.57000732421875
2024-03-18,172.90357971191406,414.1580505371094,173.8000030517578
2024-03-19,175.2524871826172,418.21710205078125,171.32000732421875
